REPORT 011 - cumulativo docenti CDS AD UD,,,,,12 settembre 2018,,,,,,,
,,,,,,,,,,,,
REPORT 011 - cumulativo docenti CDS AD UD,,,,,,,12 settembre 2018,,,,,
,,,,,,,,,,,,
Anno Accademico:,2016/2017,,,,,,,,,,,
,,,,,,,,,,,,
Dipartimento:,Dipartimento di Ingegneria e Architettura - H3,,,,,,,,,,,
Corso:,"L2 - INGEGNERIA INFORMATICA, ELETTRONICA E DELLE TELECOMUNICAZIONI - (3050)",,,,,,,,,,,
AD:,198491 - Nome insegnamento,,,,,,,,,,,
UD:,500788 - Nome modulo,,,,,,,,,,,
Docente:,376468 - Nome docente,,,,,,,,,,,
,,,,,,,,,,,,
,,,Valori assoluti,,,,,,Valori percentuali,,,
Domanda,,N. risposte,Decisamente No,Più No che Sì,,Più Sì che No,,Decisamente Sì,Decisamente No,Più No che Sì,Più Sì che No,Decisamente Sì
Le conoscenze preliminari possedute sono risultate sufficienti per la comprensione degli argomenti previsti nel programma d'esame?,,12,0,1,,7,,4,0.00%,8.33%,58.33%,33.33%
Il carico di studio dell'insegnamento è proporzionato ai crediti assegnati?,,12,0,1,,8,,3,0.00%,8.33%,66.67%,25.00%
Il materiale didattico (indicato e disponibile) è adeguato per lo studio della materia?,,12,0,0,,4,,8,0.00%,0.00%,33.33%,66.67%
Le modalità di esame sono state definite in modo chiaro?,,12,0,0,,4,,8,0.00%,0.00%,33.33%,66.67%
"Gli orari di svolgimento di lezioni, esercitazioni e altre eventuali attività didattiche sono rispettati?",,12,0,0,,1,,11,0.00%,0.00%,8.33%,91.67%
Il docente stimola/motiva l'interesse verso la disciplina?,,12,0,1,,8,,3,0.00%,8.33%,66.67%,25.00%
Il docente espone gli argomenti in modo chiaro?,,12,0,2,,6,,4,0.00%,16.67%,50.00%,33.33%
"Le attività didattiche integrative (esercitazini, tutorati,laboratori, etc...) sono utili all'apprendimento della materia?",,12,0,0,,3,,9,0.00%,0.00%,25.00%,75.00%
L'insegnamento è stato svolto in maniera coerente con quanto dichiarato sul sito Web del corso di studio?,,12,0,0,,4,,8,0.00%,0.00%,33.33%,66.67%
Il docente è reperibile per chiarimenti e spiegazioni?,,12,0,0,,3,,9,0.00%,0.00%,25.00%,75.00%
E' interessato/a agli argomenti trattati nell'insegnamento?,,12,0,2,,7,,3,0.00%,16.67%,58.33%,25.00%
Dipartimento:,Dipartimento di Ingegneria e Architettura - H3,,,,,,,,,,,
Corso:,"L2 - INGEGNERIA INFORMATICA, ELETTRONICA E DELLE TELECOMUNICAZIONI - (3050)",,,,,,,,,,,
AD:,987040 - Nome insegnamento,,,,,,,,,,,
UD:,924209 - Nome modulo,,,,,,,,,,,
Docente:,215831 - Nome docente,,,,,,,,,,,
,,,,,,,,,,,,
,,,Valori assoluti,,,,,,Valori percentuali,,,
Domanda,,N. risposte,Decisamente No,Più No che Sì,,Più Sì che No,,Decisamente Sì,Decisamente No,Più No che Sì,Più Sì che No,Decisamente Sì
Le conoscenze preliminari possedute sono risultate sufficienti per la comprensione degli argomenti previsti nel programma d'esame?,,65,6,16,,22,,21,9.23%,24.62%,33.85%,32.31%
Il carico di studio dell'insegnamento è proporzionato ai crediti assegnati?,,65,6,9,,36,,14,9.23%,13.85%,55.38%,21.54%
Il materiale didattico (indicato e disponibile) è adeguato per lo studio della materia?,,65,10,16,,26,,13,15.38%,24.62%,40.00%,20.00%
Le modalità di esame sono state definite in modo chiaro?,,65,5,7,,29,,24,7.69%,10.77%,44.62%,36.92%
"Gli orari di svolgimento di lezioni, esercitazioni e altre eventuali attività didattiche sono rispettati?",,65,2,4,,26,,33,3.08%,6.15%,40.00%,50.77%
Il docente stimola/motiva l'interesse verso la disciplina?,,65,13,10,,27,,15,20.00%,15.38%,41.54%,23.08%
Il docente espone gli argomenti in modo chiaro?,,65,9,14,,26,,16,13.85%,21.54%,40.00%,24.62%
"Le attività didattiche integrative (esercitazioni, tutorati,laboratori, etc…), ove esistenti, sono utili all'apprendimento della materia?",,65,6,13,,30,,16,9.23%,20.00%,46.15%,24.62%
L'insegnamento è stato svolto in maniera coerente con quanto dichiarato sul sito Web del corso di studio?,,65,5,5,,37,,18,7.69%,7.69%,56.92%,27.69%
Il docente è reperibile per chiarimenti e spiegazioni?,,65,2,5,,31,,27,3.08%,7.69%,47.69%,41.54%
E' interessato/a agli argomenti trattati nell'insegnamento?,,65,9,4,,27,,25,13.85%,6.15%,41.54%,38.46%
Dipartimento:,Dipartimento di Ingegneria e Architettura - H3,,,,,,,,,,,
Corso:,"L2 - INGEGNERIA INFORMATICA, ELETTRONICA E DELLE TELECOMUNICAZIONI - (3050)",,,,,,,,,,,
AD:,968137 - Nome insegnamento,,,,,,,,,,,
UD:,537745 - Nome modulo,,,,,,,,,,,
Docente:,320803 - Nome docente,,,,,,,,,,,
,,,,,,,,,,,,
,,,Valori assoluti,,,,,,Valori percentuali,,,
Domanda,,N. risposte,Decisamente No,Più No che Sì,,Più Sì che No,,Decisamente Sì,Decisamente No,Più No che Sì,Più Sì che No,Decisamente Sì
Le conoscenze preliminari possedute sono risultate sufficienti per la comprensione degli argomenti previsti nel programma d'esame?,,63,11,16,,27,,9,17.46%,25.40%,42.86%,14.29%
Il carico di studio dell'insegnamento è proporzionato ai crediti assegnati?,,63,13,21,,19,,10,20.63%,33.33%,30.16%,15.87%
Il materiale didattico (indicato e disponibile) è adeguato per lo studio della materia?,,63,2,10,,26,,25,3.17%,15.87%,41.27%,39.68%
Le modalità di esame sono state definite in modo chiaro?,,63,2,10,,24,,27,3.17%,15.87%,38.10%,42.86%
"Gli orari di svolgimento di lezioni, esercitazioni e altre eventuali attività didattiche sono rispettati?",,63,1,1,,25,,36,1.59%,1.59%,39.68%,57.14%
Il docente stimola/motiva l'interesse verso la disciplina?,,63,8,14,,30,,11,12.70%,22.22%,47.62%,17.46%
Il docente espone gli argomenti in modo chiaro?,,63,9,16,,28,,10,14.29%,25.40%,44.44%,15.87%
"Le attività didattiche integrative (esercitazini, tutorati,laboratori, etc...) sono utili all'apprendimento della materia?",,63,4,12,,29,,18,6.35%,19.05%,46.03%,28.57%
L'insegnamento è stato svolto in maniera coerente con quanto dichiarato sul sito Web del corso di studio?,,63,4,4,,31,,24,6.35%,6.35%,49.21%,38.10%
Il docente è reperibile per chiarimenti e spiegazioni?,,63,1,5,,29,,28,1.59%,7.94%,46.03%,44.44%
E' interessato/a agli argomenti trattati nell'insegnamento?,,63,4,6,,33,,20,6.35%,9.52%,52.38%,31.75%
Dipartimento:,Dipartimento di Ingegneria e Architettura - H3,,,,,,,,,,,
Corso:,"L2 - INGEGNERIA INFORMATICA, ELETTRONICA E DELLE TELECOMUNICAZIONI - (3050)",,,,,,,,,,,
AD:,788431 - Nome insegnamento,,,,,,,,,,,
UD:,833528 - Nome modulo,,,,,,,,,,,
Docente:,276520 - Nome docente,,,,,,,,,,,
,,,,,,,,,,,,
,,,Valori assoluti,,,,,,Valori percentuali,,,
Domanda,,N. risposte,Decisamente No,Più No che Sì,,Più Sì che No,,Decisamente Sì,Decisamente No,Più No che Sì,Più Sì che No,Decisamente Sì
Le conoscenze preliminari possedute sono risultate sufficienti per la comprensione degli argomenti previsti nel programma d'esame?,,74,3,7,,33,,31,4.05%,9.46%,44.59%,41.89%
Il carico di studio dell'insegnamento è proporzionato ai crediti assegnati?,,74,1,3,,33,,37,1.35%,4.05%,44.59%,50.00%
Il materiale didattico (indicato e disponibile) è adeguato per lo studio della materia?,,74,3,9,,34,,28,4.05%,12.16%,45.95%,37.84%
Le modalità di esame sono state definite in modo chiaro?,,74,0,1,,24,,49,0.00%,1.35%,32.43%,66.22%
"Gli orari di svolgimento di lezioni, esercitazioni e altre eventuali attività didattiche sono rispettati?",,74,0,1,,28,,45,0.00%,1.35%,37.84%,60.81%
Il docente stimola/motiva l'interesse verso la disciplina?,,74,0,8,,29,,37,0.00%,10.81%,39.19%,50.00%
Il docente espone gli argomenti in modo chiaro?,,74,1,5,,32,,36,1.35%,6.76%,43.24%,48.65%
"Le attività didattiche integrative (esercitazini, tutorati,laboratori, etc...) sono utili all'apprendimento della materia?",,71,1,12,,34,,24,1.41%,16.90%,47.89%,33.80%
L'insegnamento è stato svolto in maniera coerente con quanto dichiarato sul sito Web del corso di studio?,,74,0,1,,35,,38,0.00%,1.35%,47.30%,51.35%
Il docente è reperibile per chiarimenti e spiegazioni?,,74,0,3,,31,,40,0.00%,4.05%,41.89%,54.05%
E' interessato/a agli argomenti trattati nell'insegnamento?,,74,1,8,,36,,29,1.35%,10.81%,48.65%,39.19%
Dipartimento:,Dipartimento di Ingegneria e Architettura - H3,,,,,,,,,,,
Corso:,"L2 - INGEGNERIA INFORMATICA, ELETTRONICA E DELLE TELECOMUNICAZIONI - (3050)",,,,,,,,,,,
AD:,573543 - Nome insegnamento,,,,,,,,,,,
UD:,997495 - Nome modulo,,,,,,,,,,,
Docente:,893718 - Nome docente,,,,,,,,,,,
,,,,,,,,,,,,
,,,Valori assoluti,,,,,,Valori percentuali,,,
Domanda,,N. risposte,Decisamente No,Più No che Sì,,Più Sì che No,,Decisamente Sì,Decisamente No,Più No che Sì,Più Sì che No,Decisamente Sì
Le conoscenze preliminari possedute sono risultate sufficienti per la comprensione degli argomenti previsti nel programma d'esame?,,21,5,0,,9,,7,23.81%,0.00%,42.86%,33.33%
Il carico di studio dell'insegnamento è proporzionato ai crediti assegnati?,,21,2,3,,14,,2,9.52%,14.29%,66.67%,9.52%
Il materiale didattico (indicato e disponibile) è adeguato per lo studio della materia?,,21,2,3,,11,,5,9.52%,14.29%,52.38%,23.81%
Le modalità di esame sono state definite in modo chiaro?,,21,0,3,,7,,11,0.00%,14.29%,33.33%,52.38%
"Gli orari di svolgimento di lezioni, esercitazioni e altre eventuali attività didattiche sono rispettati?",,21,0,0,,10,,11,0.00%,0.00%,47.62%,52.38%
Il docente stimola/motiva l'interesse verso la disciplina?,,21,7,1,,9,,4,33.33%,4.76%,42.86%,19.05%
Il docente espone gli argomenti in modo chiaro?,,21,4,4,,10,,3,19.05%,19.05%,47.62%,14.29%
"Le attività didattiche integrative (esercitazini, tutorati,laboratori, etc...) sono utili all'apprendimento della materia?",,21,1,5,,8,,7,4.76%,23.81%,38.10%,33.33%
L'insegnamento è stato svolto in maniera coerente con quanto dichiarato sul sito Web del corso di studio?,,21,0,3,,11,,7,0.00%,14.29%,52.38%,33.33%
Il docente è reperibile per chiarimenti e spiegazioni?,,21,0,2,,10,,9,0.00%,9.52%,47.62%,42.86%
E' interessato/a agli argomenti trattati nell'insegnamento?,,21,1,2,,10,,8,4.76%,9.52%,47.62%,38.10%
Dipartimento:,Dipartimento di Ingegneria e Architettura - H3,,,,,,,,,,,
Corso:,"L2 - INGEGNERIA INFORMATICA, ELETTRONICA E DELLE TELECOMUNICAZIONI - (3050)",,,,,,,,,,,
AD:,810160 - Nome insegnamento,,,,,,,,,,,
UD:,139994 - Nome modulo,,,,,,,,,,,
Docente:,689695 - Nome docente,,,,,,,,,,,
,,,,,,,,,,,,
,,,Valori assoluti,,,,,,Valori percentuali,,,
Domanda,,N. risposte,Decisamente No,Più No che Sì,,Più Sì che No,,Decisamente Sì,Decisamente No,Più No che Sì,Più Sì che No,Decisamente Sì
Le conoscenze preliminari possedute sono risultate sufficienti per la comprensione degli argomenti previsti nel programma d'esame?,,126,4,35,,55,,32,3.17%,27.78%,43.65%,25.40%
Il carico di studio dell'insegnamento è proporzionato ai crediti assegnati?,,126,2,15,,45,,64,1.59%,11.90%,35.71%,50.79%
Il materiale didattico (indicato e disponibile) è adeguato per lo studio della materia?,,126,0,10,,61,,55,0.00%,7.94%,48.41%,43.65%
Le modalità di esame sono state definite in modo chiaro?,,126,2,16,,43,,65,1.59%,12.70%,34.13%,51.59%
"Gli orari di svolgimento di lezioni, esercitazioni e altre eventuali attività didattiche sono rispettati?",,126,0,0,,25,,101,0.00%,0.00%,19.84%,80.16%
Il docente stimola/motiva l'interesse verso la disciplina?,,126,2,21,,58,,45,1.59%,16.67%,46.03%,35.71%
Il docente espone gli argomenti in modo chiaro?,,126,2,17,,66,,41,1.59%,13.49%,52.38%,32.54%
"Le attività didattiche integrative (esercitazini, tutorati,laboratori, etc...) sono utili all'apprendimento della materia?",,126,2,14,,57,,53,1.59%,11.11%,45.24%,42.06%
L'insegnamento è stato svolto in maniera coerente con quanto dichiarato sul sito Web del corso di studio?,,126,0,1,,50,,75,0.00%,0.79%,39.68%,59.52%
Il docente è reperibile per chiarimenti e spiegazioni?,,126,0,0,,30,,96,0.00%,0.00%,23.81%,76.19%
E' interessato/a agli argomenti trattati nell'insegnamento?,,126,2,16,,62,,46,1.59%,12.70%,49.21%,36.51%
Dipartimento:,Dipartimento di Ingegneria e Architettura - H3,,,,,,,,,,,
Corso:,"L2 - INGEGNERIA INFORMATICA, ELETTRONICA E DELLE TELECOMUNICAZIONI - (3050)",,,,,,,,,,,
AD:,389608 - Nome insegnamento,,,,,,,,,,,
UD:,488934 - Nome modulo,,,,,,,,,,,
Docente:,683905 - Nome docente,,,,,,,,,,,
,,,,,,,,,,,,
,,,Valori assoluti,,,,,,Valori percentuali,,,
Domanda,,N. risposte,Decisamente No,Più No che Sì,,Più Sì che No,,Decisamente Sì,Decisamente No,Più No che Sì,Più Sì che No,Decisamente Sì
Le conoscenze preliminari possedute sono risultate sufficienti per la comprensione degli argomenti previsti nel programma d'esame?,,49,6,9,,22,,12,12.24%,18.37%,44.90%,24.49%
Il carico di studio dell'insegnamento è proporzionato ai crediti assegnati?,,49,6,16,,22,,5,12.24%,32.65%,44.90%,10.20%
Il materiale didattico (indicato e disponibile) è adeguato per lo studio della materia?,,49,18,7,,19,,5,36.73%,14.29%,38.78%,10.20%
Le modalità di esame sono state definite in modo chiaro?,,49,4,10,,20,,15,8.16%,20.41%,40.82%,30.61%
"Gli orari di svolgimento di lezioni, esercitazioni e altre eventuali attività didattiche sono rispettati?",,49,2,3,,18,,26,4.08%,6.12%,36.73%,53.06%
Il docente stimola/motiva l'interesse verso la disciplina?,,49,18,7,,15,,9,36.73%,14.29%,30.61%,18.37%
Il docente espone gli argomenti in modo chiaro?,,49,17,11,,13,,8,34.69%,22.45%,26.53%,16.33%
"Le attività didattiche integrative (esercitazini, tutorati,laboratori, etc...) sono utili all'apprendimento della materia?",,49,15,11,,14,,9,30.61%,22.45%,28.57%,18.37%
L'insegnamento è stato svolto in maniera coerente con quanto dichiarato sul sito Web del corso di studio?,,49,4,5,,23,,17,8.16%,10.20%,46.94%,34.69%
Il docente è reperibile per chiarimenti e spiegazioni?,,49,3,4,,26,,16,6.12%,8.16%,53.06%,32.65%
E' interessato/a agli argomenti trattati nell'insegnamento?,,49,5,14,,22,,8,10.20%,28.57%,44.90%,16.33%
Dipartimento:,Dipartimento di Ingegneria e Architettura - H3,,,,,,,,,,,
Corso:,"L2 - INGEGNERIA INFORMATICA, ELETTRONICA E DELLE TELECOMUNICAZIONI - (3050)",,,,,,,,,,,
AD:,791607 - Nome insegnamento,,,,,,,,,,,
UD:,378584 - Nome modulo,,,,,,,,,,,
Docente:,849090 - Nome docente,,,,,,,,,,,
,,,,,,,,,,,,
,,,Valori assoluti,,,,,,Valori percentuali,,,
Domanda,,N. risposte,Decisamente No,Più No che Sì,,Più Sì che No,,Decisamente Sì,Decisamente No,Più No che Sì,Più Sì che No,Decisamente Sì
Le conoscenze preliminari possedute sono risultate sufficienti per la comprensione degli argomenti previsti nel programma d'esame?,,57,4,9,,20,,24,7.02%,15.79%,35.09%,42.11%
Il carico di studio dell'insegnamento è proporzionato ai crediti assegnati?,,57,1,5,,22,,29,1.75%,8.77%,38.60%,50.88%
Il materiale didattico (indicato e disponibile) è adeguato per lo studio della materia?,,57,0,1,,23,,33,0.00%,1.75%,40.35%,57.89%
Le modalità di esame sono state definite in modo chiaro?,,57,1,1,,10,,45,1.75%,1.75%,17.54%,78.95%
"Gli orari di svolgimento di lezioni, esercitazioni e altre eventuali attività didattiche sono rispettati?",,57,0,1,,9,,47,0.00%,1.75%,15.79%,82.46%
Il docente stimola/motiva l'interesse verso la disciplina?,,57,2,2,,17,,36,3.51%,3.51%,29.82%,63.16%
Il docente espone gli argomenti in modo chiaro?,,57,0,1,,21,,35,0.00%,1.75%,36.84%,61.40%
"Le attività didattiche integrative (esercitazini, tutorati,laboratori, etc...) sono utili all'apprendimento della materia?",,57,0,4,,24,,29,0.00%,7.02%,42.11%,50.88%
L'insegnamento è stato svolto in maniera coerente con quanto dichiarato sul sito Web del corso di studio?,,57,0,0,,19,,38,0.00%,0.00%,33.33%,66.67%
Il docente è reperibile per chiarimenti e spiegazioni?,,57,0,1,,15,,41,0.00%,1.75%,26.32%,71.93%
E' interessato/a agli argomenti trattati nell'insegnamento?,,57,2,5,,25,,25,3.51%,8.77%,43.86%,43.86%
Dipartimento:,Dipartimento di Ingegneria e Architettura - H3,,,,,,,,,,,
Corso:,"L2 - INGEGNERIA INFORMATICA, ELETTRONICA E DELLE TELECOMUNICAZIONI - (3050)",,,,,,,,,,,
AD:,231930 - Nome insegnamento,,,,,,,,,,,
UD:,336207 - Nome modulo,,,,,,,,,,,
Docente:,585600 - Nome docente,,,,,,,,,,,
,,,,,,,,,,,,
,,,Valori assoluti,,,,,,Valori percentuali,,,
Domanda,,N. risposte,Decisamente No,Più No che Sì,,Più Sì che No,,Decisamente Sì,Decisamente No,Più No che Sì,Più Sì che No,Decisamente Sì
Le conoscenze preliminari possedute sono risultate sufficienti per la comprensione degli argomenti previsti nel programma d'esame?,,106,11,31,,38,,26,10.38%,29.25%,35.85%,24.53%
Il carico di studio dell'insegnamento è proporzionato ai crediti assegnati?,,106,1,14,,56,,35,0.94%,13.21%,52.83%,33.02%
Il materiale didattico (indicato e disponibile) è adeguato per lo studio della materia?,,106,7,30,,49,,20,6.60%,28.30%,46.23%,18.87%
Le modalità di esame sono state definite in modo chiaro?,,106,3,10,,35,,58,2.83%,9.43%,33.02%,54.72%
"Gli orari di svolgimento di lezioni, esercitazioni e altre eventuali attività didattiche sono rispettati?",,106,1,1,,43,,61,0.94%,0.94%,40.57%,57.55%
Il docente stimola/motiva l'interesse verso la disciplina?,,106,8,22,,55,,21,7.55%,20.75%,51.89%,19.81%
Il docente espone gli argomenti in modo chiaro?,,106,13,34,,51,,8,12.26%,32.08%,48.11%,7.55%
"Le attività didattiche integrative (esercitazini, tutorati,laboratori, etc...) sono utili all'apprendimento della materia?",,106,2,7,,38,,59,1.89%,6.60%,35.85%,55.66%
L'insegnamento è stato svolto in maniera coerente con quanto dichiarato sul sito Web del corso di studio?,,106,0,9,,52,,45,0.00%,8.49%,49.06%,42.45%
Il docente è reperibile per chiarimenti e spiegazioni?,,106,0,7,,46,,53,0.00%,6.60%,43.40%,50.00%
E' interessato/a agli argomenti trattati nell'insegnamento?,,106,2,11,,50,,43,1.89%,10.38%,47.17%,40.57%
Dipartimento:,Dipartimento di Ingegneria e Architettura - H3,,,,,,,,,,,
Corso:,"L2 - INGEGNERIA INFORMATICA, ELETTRONICA E DELLE TELECOMUNICAZIONI - (3050)",,,,,,,,,,,
AD:,971970 - Nome insegnamento,,,,,,,,,,,
UD:,191295 - Nome modulo,,,,,,,,,,,
Docente:,880975 - Nome docente,,,,,,,,,,,
,,,,,,,,,,,,
,,,Valori assoluti,,,,,,Valori percentuali,,,
Domanda,,N. risposte,Decisamente No,Più No che Sì,,Più Sì che No,,Decisamente Sì,Decisamente No,Più No che Sì,Più Sì che No,Decisamente Sì
Le conoscenze preliminari possedute sono risultate sufficienti per la comprensione degli argomenti previsti nel programma d'esame?,,130,13,23,,47,,47,10.00%,17.69%,36.15%,36.15%
Il carico di studio dell'insegnamento è proporzionato ai crediti assegnati?,,130,0,8,,69,,53,0.00%,6.15%,53.08%,40.77%
Il materiale didattico (indicato e disponibile) è adeguato per lo studio della materia?,,130,6,20,,58,,46,4.62%,15.38%,44.62%,35.38%
Le modalità di esame sono state definite in modo chiaro?,,130,0,6,,35,,89,0.00%,4.62%,26.92%,68.46%
"Gli orari di svolgimento di lezioni, esercitazioni e altre eventuali attività didattiche sono rispettati?",,130,0,0,,26,,104,0.00%,0.00%,20.00%,80.00%
Il docente stimola/motiva l'interesse verso la disciplina?,,130,0,8,,57,,65,0.00%,6.15%,43.85%,50.00%
Il docente espone gli argomenti in modo chiaro?,,130,2,22,,63,,43,1.54%,16.92%,48.46%,33.08%
"Le attività didattiche integrative (esercitazini, tutorati,laboratori, etc...) sono utili all'apprendimento della materia?",,130,0,5,,41,,84,0.00%,3.85%,31.54%,64.62%
L'insegnamento è stato svolto in maniera coerente con quanto dichiarato sul sito Web del corso di studio?,,130,0,4,,50,,76,0.00%,3.08%,38.46%,58.46%
Il docente è reperibile per chiarimenti e spiegazioni?,,130,2,1,,21,,106,1.54%,0.77%,16.15%,81.54%
E' interessato/a agli argomenti trattati nell'insegnamento?,,130,0,8,,30,,92,0.00%,6.15%,23.08%,70.77%
Dipartimento:,Dipartimento di Ingegneria e Architettura - H3,,,,,,,,,,,
Corso:,"L2 - INGEGNERIA INFORMATICA, ELETTRONICA E DELLE TELECOMUNICAZIONI - (3050)",,,,,,,,,,,
AD:,696682 - Nome insegnamento,,,,,,,,,,,
UD:,692863 - Nome modulo,,,,,,,,,,,
Docente:,804682 - Nome docente,,,,,,,,,,,
,,,,,,,,,,,,
,,,Valori assoluti,,,,,,Valori percentuali,,,
Domanda,,N. risposte,Decisamente No,Più No che Sì,,Più Sì che No,,Decisamente Sì,Decisamente No,Più No che Sì,Più Sì che No,Decisamente Sì
Le conoscenze preliminari possedute sono risultate sufficienti per la comprensione degli argomenti previsti nel programma d'esame?,,128,10,20,,53,,45,7.81%,15.63%,41.41%,35.16%
Il carico di studio dell'insegnamento è proporzionato ai crediti assegnati?,,128,0,7,,67,,54,0.00%,5.47%,52.34%,42.19%
Il materiale didattico (indicato e disponibile) è adeguato per lo studio della materia?,,128,3,17,,56,,52,2.34%,13.28%,43.75%,40.63%
Le modalità di esame sono state definite in modo chiaro?,,128,0,4,,41,,83,0.00%,3.13%,32.03%,64.84%
"Gli orari di svolgimento di lezioni, esercitazioni e altre eventuali attività didattiche sono rispettati?",,128,0,0,,36,,92,0.00%,0.00%,28.13%,71.88%
Il docente stimola/motiva l'interesse verso la disciplina?,,128,0,8,,57,,63,0.00%,6.25%,44.53%,49.22%
Il docente espone gli argomenti in modo chiaro?,,128,1,19,,64,,44,0.78%,14.84%,50.00%,34.38%
"Le attività didattiche integrative (esercitazini, tutorati,laboratori, etc...) sono utili all'apprendimento della materia?",,128,0,5,,47,,76,0.00%,3.91%,36.72%,59.38%
L'insegnamento è stato svolto in maniera coerente con quanto dichiarato sul sito Web del corso di studio?,,128,0,3,,56,,69,0.00%,2.34%,43.75%,53.91%
Il docente è reperibile per chiarimenti e spiegazioni?,,128,0,1,,24,,103,0.00%,0.78%,18.75%,80.47%
E' interessato/a agli argomenti trattati nell'insegnamento?,,128,1,5,,41,,81,0.78%,3.91%,32.03%,63.28%
Dipartimento:,Dipartimento di Ingegneria e Architettura - H3,,,,,,,,,,,
Corso:,"L2 - INGEGNERIA INFORMATICA, ELETTRONICA E DELLE TELECOMUNICAZIONI - (3050)",,,,,,,,,,,
AD:,663259 - Nome insegnamento,,,,,,,,,,,
UD:,315071 - Nome modulo,,,,,,,,,,,
Docente:,649881 - Nome docente,,,,,,,,,,,
,,,,,,,,,,,,
,,,Valori assoluti,,,,,,Valori percentuali,,,
Domanda,,N. risposte,Decisamente No,Più No che Sì,,Più Sì che No,,Decisamente Sì,Decisamente No,Più No che Sì,Più Sì che No,Decisamente Sì
Le conoscenze preliminari possedute sono risultate sufficienti per la comprensione degli argomenti previsti nel programma d'esame?,,16,0,1,,8,,7,0.00%,6.25%,50.00%,43.75%
Il carico di studio dell'insegnamento è proporzionato ai crediti assegnati?,,16,0,1,,7,,8,0.00%,6.25%,43.75%,50.00%
Il materiale didattico (indicato e disponibile) è adeguato per lo studio della materia?,,16,0,0,,7,,9,0.00%,0.00%,43.75%,56.25%
Le modalità di esame sono state definite in modo chiaro?,,16,0,1,,6,,9,0.00%,6.25%,37.50%,56.25%
"Gli orari di svolgimento di lezioni, esercitazioni e altre eventuali attività didattiche sono rispettati?",,16,0,0,,9,,7,0.00%,0.00%,56.25%,43.75%
Il docente stimola/motiva l'interesse verso la disciplina?,,16,0,2,,6,,8,0.00%,12.50%,37.50%,50.00%
Il docente espone gli argomenti in modo chiaro?,,16,0,2,,6,,8,0.00%,12.50%,37.50%,50.00%
"Le attività didattiche integrative (esercitazini, tutorati,laboratori, etc...) sono utili all'apprendimento della materia?",,16,0,1,,8,,7,0.00%,6.25%,50.00%,43.75%
L'insegnamento è stato svolto in maniera coerente con quanto dichiarato sul sito Web del corso di studio?,,16,0,0,,9,,7,0.00%,0.00%,56.25%,43.75%
Il docente è reperibile per chiarimenti e spiegazioni?,,16,0,0,,7,,9,0.00%,0.00%,43.75%,56.25%
E' interessato/a agli argomenti trattati nell'insegnamento?,,16,0,1,,5,,10,0.00%,6.25%,31.25%,62.50%
Dipartimento:,Dipartimento di Ingegneria e Architettura - H3,,,,,,,,,,,
Corso:,"L2 - INGEGNERIA INFORMATICA, ELETTRONICA E DELLE TELECOMUNICAZIONI - (3050)",,,,,,,,,,,
AD:,604693 - Nome insegnamento,,,,,,,,,,,
UD:,489377 - Nome modulo,,,,,,,,,,,
Docente:,588062 - Nome docente,,,,,,,,,,,
,,,,,,,,,,,,
,,,Valori assoluti,,,,,,Valori percentuali,,,
Domanda,,N. risposte,Decisamente No,Più No che Sì,,Più Sì che No,,Decisamente Sì,Decisamente No,Più No che Sì,Più Sì che No,Decisamente Sì
Le conoscenze preliminari possedute sono risultate sufficienti per la comprensione degli argomenti previsti nel programma d'esame?,,67,2,14,,32,,19,2.99%,20.90%,47.76%,28.36%
Il carico di studio dell'insegnamento è proporzionato ai crediti assegnati?,,67,3,5,,41,,18,4.48%,7.46%,61.19%,26.87%
Il materiale didattico (indicato e disponibile) è adeguato per lo studio della materia?,,67,2,8,,31,,26,2.99%,11.94%,46.27%,38.81%
Le modalità di esame sono state definite in modo chiaro?,,67,1,2,,25,,39,1.49%,2.99%,37.31%,58.21%
"Gli orari di svolgimento di lezioni, esercitazioni e altre eventuali attività didattiche sono rispettati?",,67,0,2,,18,,47,0.00%,2.99%,26.87%,70.15%
Il docente stimola/motiva l'interesse verso la disciplina?,,67,8,16,,30,,13,11.94%,23.88%,44.78%,19.40%
Il docente espone gli argomenti in modo chiaro?,,67,1,14,,36,,16,1.49%,20.90%,53.73%,23.88%
"Le attività didattiche integrative (esercitazioni, tutorati,laboratori, etc…), ove esistenti, sono utili all'apprendimento della materia?",,67,3,1,,28,,35,4.48%,1.49%,41.79%,52.24%
L'insegnamento è stato svolto in maniera coerente con quanto dichiarato sul sito Web del corso di studio?,,67,0,2,,33,,32,0.00%,2.99%,49.25%,47.76%
Il docente è reperibile per chiarimenti e spiegazioni?,,67,0,3,,29,,35,0.00%,4.48%,43.28%,52.24%
E' interessato/a agli argomenti trattati nell'insegnamento?,,67,7,16,,31,,13,10.45%,23.88%,46.27%,19.40%
Dipartimento:,Dipartimento di Ingegneria e Architettura - H3,,,,,,,,,,,
Corso:,"L2 - INGEGNERIA INFORMATICA, ELETTRONICA E DELLE TELECOMUNICAZIONI - (3050)",,,,,,,,,,,
AD:,577856 - Nome insegnamento,,,,,,,,,,,
UD:,300500 - Nome modulo,,,,,,,,,,,
Docente:,428710 - Nome docente,,,,,,,,,,,
,,,,,,,,,,,,
,,,Valori assoluti,,,,,,Valori percentuali,,,
Domanda,,N. risposte,Decisamente No,Più No che Sì,,Più Sì che No,,Decisamente Sì,Decisamente No,Più No che Sì,Più Sì che No,Decisamente Sì
Le conoscenze preliminari possedute sono risultate sufficienti per la comprensione degli argomenti previsti nel programma d'esame?,,59,6,7,,28,,18,10.17%,11.86%,47.46%,30.51%
Il carico di studio dell'insegnamento è proporzionato ai crediti assegnati?,,59,14,14,,21,,10,23.73%,23.73%,35.59%,16.95%
Il materiale didattico (indicato e disponibile) è adeguato per lo studio della materia?,,59,5,10,,28,,16,8.47%,16.95%,47.46%,27.12%
Le modalità di esame sono state definite in modo chiaro?,,59,4,6,,18,,31,6.78%,10.17%,30.51%,52.54%
"Gli orari di svolgimento di lezioni, esercitazioni e altre eventuali attività didattiche sono rispettati?",,59,0,2,,27,,30,0.00%,3.39%,45.76%,50.85%
Il docente stimola/motiva l'interesse verso la disciplina?,,59,0,7,,27,,25,0.00%,11.86%,45.76%,42.37%
Il docente espone gli argomenti in modo chiaro?,,59,0,1,,24,,34,0.00%,1.69%,40.68%,57.63%
"Le attività didattiche integrative (esercitazini, tutorati,laboratori, etc...) sono utili all'apprendimento della materia?",,59,4,7,,32,,16,6.78%,11.86%,54.24%,27.12%
L'insegnamento è stato svolto in maniera coerente con quanto dichiarato sul sito Web del corso di studio?,,59,0,3,,27,,29,0.00%,5.08%,45.76%,49.15%
Il docente è reperibile per chiarimenti e spiegazioni?,,59,0,3,,25,,31,0.00%,5.08%,42.37%,52.54%
E' interessato/a agli argomenti trattati nell'insegnamento?,,59,4,6,,26,,23,6.78%,10.17%,44.07%,38.98%
Dipartimento:,Dipartimento di Ingegneria e Architettura - H3,,,,,,,,,,,
Corso:,"L2 - INGEGNERIA INFORMATICA, ELETTRONICA E DELLE TELECOMUNICAZIONI - (3050)",,,,,,,,,,,
AD:,849248 - Nome insegnamento,,,,,,,,,,,
UD:,184775 - Nome modulo,,,,,,,,,,,
Docente:,739713 - Nome docente,,,,,,,,,,,
,,,,,,,,,,,,
,,,Valori assoluti,,,,,,Valori percentuali,,,
Domanda,,N. risposte,Decisamente No,Più No che Sì,,Più Sì che No,,Decisamente Sì,Decisamente No,Più No che Sì,Più Sì che No,Decisamente Sì
Le conoscenze preliminari possedute sono risultate sufficienti per la comprensione degli argomenti previsti nel programma d'esame?,,13,0,1,,7,,5,0.00%,7.69%,53.85%,38.46%
Il carico di studio dell'insegnamento è proporzionato ai crediti assegnati?,,13,0,3,,7,,3,0.00%,23.08%,53.85%,23.08%
Il materiale didattico (indicato e disponibile) è adeguato per lo studio della materia?,,13,2,3,,5,,3,15.38%,23.08%,38.46%,23.08%
Le modalità di esame sono state definite in modo chiaro?,,13,0,0,,6,,7,0.00%,0.00%,46.15%,53.85%
"Gli orari di svolgimento di lezioni, esercitazioni e altre eventuali attività didattiche sono rispettati?",,13,0,1,,3,,9,0.00%,7.69%,23.08%,69.23%
Il docente stimola/motiva l'interesse verso la disciplina?,,13,5,4,,2,,2,38.46%,30.77%,15.38%,15.38%
Il docente espone gli argomenti in modo chiaro?,,13,2,5,,4,,2,15.38%,38.46%,30.77%,15.38%
"Le attività didattiche integrative (esercitazini, tutorati,laboratori, etc...) sono utili all'apprendimento della materia?",,13,1,1,,6,,5,7.69%,7.69%,46.15%,38.46%
L'insegnamento è stato svolto in maniera coerente con quanto dichiarato sul sito Web del corso di studio?,,13,1,0,,7,,5,7.69%,0.00%,53.85%,38.46%
Il docente è reperibile per chiarimenti e spiegazioni?,,13,1,1,,5,,6,7.69%,7.69%,38.46%,46.15%
E' interessato/a agli argomenti trattati nell'insegnamento?,,13,1,0,,7,,5,7.69%,0.00%,53.85%,38.46%
Dipartimento:,Dipartimento di Ingegneria e Architettura - H3,,,,,,,,,,,
Corso:,"L2 - INGEGNERIA INFORMATICA, ELETTRONICA E DELLE TELECOMUNICAZIONI - (3050)",,,,,,,,,,,
AD:,562137 - Nome insegnamento,,,,,,,,,,,
UD:,868846 - Nome modulo,,,,,,,,,,,
Docente:,950945 - Nome docente,,,,,,,,,,,
,,,,,,,,,,,,
,,,Valori assoluti,,,,,,Valori percentuali,,,
Domanda,,N. risposte,Decisamente No,Più No che Sì,,Più Sì che No,,Decisamente Sì,Decisamente No,Più No che Sì,Più Sì che No,Decisamente Sì
Le conoscenze preliminari possedute sono risultate sufficienti per la comprensione degli argomenti previsti nel programma d'esame?,,25,2,4,,12,,7,8.00%,16.00%,48.00%,28.00%
Il carico di studio dell'insegnamento è proporzionato ai crediti assegnati?,,25,0,0,,12,,13,0.00%,0.00%,48.00%,52.00%
Il materiale didattico (indicato e disponibile) è adeguato per lo studio della materia?,,25,0,0,,14,,11,0.00%,0.00%,56.00%,44.00%
Le modalità di esame sono state definite in modo chiaro?,,25,0,0,,10,,15,0.00%,0.00%,40.00%,60.00%
"Gli orari di svolgimento di lezioni, esercitazioni e altre eventuali attività didattiche sono rispettati?",,25,0,2,,8,,15,0.00%,8.00%,32.00%,60.00%
Il docente stimola/motiva l'interesse verso la disciplina?,,25,0,0,,11,,14,0.00%,0.00%,44.00%,56.00%
Il docente espone gli argomenti in modo chiaro?,,25,0,0,,10,,15,0.00%,0.00%,40.00%,60.00%
"Le attività didattiche integrative (esercitazini, tutorati,laboratori, etc...) sono utili all'apprendimento della materia?",,25,2,2,,9,,12,8.00%,8.00%,36.00%,48.00%
L'insegnamento è stato svolto in maniera coerente con quanto dichiarato sul sito Web del corso di studio?,,25,0,0,,11,,14,0.00%,0.00%,44.00%,56.00%
Il docente è reperibile per chiarimenti e spiegazioni?,,25,0,0,,11,,14,0.00%,0.00%,44.00%,56.00%
E' interessato/a agli argomenti trattati nell'insegnamento?,,25,0,0,,11,,14,0.00%,0.00%,44.00%,56.00%
Dipartimento:,Dipartimento di Ingegneria e Architettura - H3,,,,,,,,,,,
Corso:,"L2 - INGEGNERIA INFORMATICA, ELETTRONICA E DELLE TELECOMUNICAZIONI - (3050)",,,,,,,,,,,
AD:,963387 - Nome insegnamento,,,,,,,,,,,
UD:,706982 - Nome modulo,,,,,,,,,,,
Docente:,978688 - Nome docente,,,,,,,,,,,
,,,,,,,,,,,,
,,,Valori assoluti,,,,,,Valori percentuali,,,
Domanda,,N. risposte,Decisamente No,Più No che Sì,,Più Sì che No,,Decisamente Sì,Decisamente No,Più No che Sì,Più Sì che No,Decisamente Sì
Le conoscenze preliminari possedute sono risultate sufficienti per la comprensione degli argomenti previsti nel programma d'esame?,,153,16,36,,66,,35,10.46%,23.53%,43.14%,22.88%
Il carico di studio dell'insegnamento è proporzionato ai crediti assegnati?,,153,1,6,,96,,50,0.65%,3.92%,62.75%,32.68%
Il materiale didattico (indicato e disponibile) è adeguato per lo studio della materia?,,153,2,38,,82,,31,1.31%,24.84%,53.59%,20.26%
Le modalità di esame sono state definite in modo chiaro?,,153,2,9,,66,,76,1.31%,5.88%,43.14%,49.67%
"Gli orari di svolgimento di lezioni, esercitazioni e altre eventuali attività didattiche sono rispettati?",,153,1,24,,83,,45,0.65%,15.69%,54.25%,29.41%
Il docente stimola/motiva l'interesse verso la disciplina?,,153,3,42,,82,,26,1.96%,27.45%,53.59%,16.99%
Il docente espone gli argomenti in modo chiaro?,,153,7,44,,70,,32,4.58%,28.76%,45.75%,20.92%
"Le attività didattiche integrative (esercitazini, tutorati,laboratori, etc...) sono utili all'apprendimento della materia?",,153,4,12,,85,,52,2.61%,7.84%,55.56%,33.99%
L'insegnamento è stato svolto in maniera coerente con quanto dichiarato sul sito Web del corso di studio?,,153,0,5,,99,,49,0.00%,3.27%,64.71%,32.03%
Il docente è reperibile per chiarimenti e spiegazioni?,,153,3,4,,63,,83,1.96%,2.61%,41.18%,54.25%
E' interessato/a agli argomenti trattati nell'insegnamento?,,153,1,15,,68,,69,0.65%,9.80%,44.44%,45.10%
Dipartimento:,Dipartimento di Ingegneria e Architettura - H3,,,,,,,,,,,
Corso:,"L2 - INGEGNERIA INFORMATICA, ELETTRONICA E DELLE TELECOMUNICAZIONI - (3050)",,,,,,,,,,,
AD:,330139 - Nome insegnamento,,,,,,,,,,,
UD:,797488 - Nome modulo,,,,,,,,,,,
Docente:,426171 - Nome docente,,,,,,,,,,,
,,,,,,,,,,,,
,,,Valori assoluti,,,,,,Valori percentuali,,,
Domanda,,N. risposte,Decisamente No,Più No che Sì,,Più Sì che No,,Decisamente Sì,Decisamente No,Più No che Sì,Più Sì che No,Decisamente Sì
Le conoscenze preliminari possedute sono risultate sufficienti per la comprensione degli argomenti previsti nel programma d'esame?,,156,28,28,,75,,25,17.95%,17.95%,48.08%,16.03%
Il carico di studio dell'insegnamento è proporzionato ai crediti assegnati?,,156,2,10,,95,,49,1.28%,6.41%,60.90%,31.41%
Il materiale didattico (indicato e disponibile) è adeguato per lo studio della materia?,,156,12,41,,69,,34,7.69%,26.28%,44.23%,21.79%
Le modalità di esame sono state definite in modo chiaro?,,156,2,9,,59,,86,1.28%,5.77%,37.82%,55.13%
"Gli orari di svolgimento di lezioni, esercitazioni e altre eventuali attività didattiche sono rispettati?",,156,2,11,,57,,86,1.28%,7.05%,36.54%,55.13%
Il docente stimola/motiva l'interesse verso la disciplina?,,156,4,25,,73,,54,2.56%,16.03%,46.79%,34.62%
Il docente espone gli argomenti in modo chiaro?,,156,10,37,,75,,34,6.41%,23.72%,48.08%,21.79%
"Le attività didattiche integrative (esercitazini, tutorati,laboratori, etc...) sono utili all'apprendimento della materia?",,156,4,12,,73,,67,2.56%,7.69%,46.79%,42.95%
L'insegnamento è stato svolto in maniera coerente con quanto dichiarato sul sito Web del corso di studio?,,156,0,10,,88,,58,0.00%,6.41%,56.41%,37.18%
Il docente è reperibile per chiarimenti e spiegazioni?,,156,3,5,,74,,74,1.92%,3.21%,47.44%,47.44%
E' interessato/a agli argomenti trattati nell'insegnamento?,,156,3,13,,65,,75,1.92%,8.33%,41.67%,48.08%
Dipartimento:,Dipartimento di Ingegneria e Architettura - H3,,,,,,,,,,,
Corso:,"L2 - INGEGNERIA INFORMATICA, ELETTRONICA E DELLE TELECOMUNICAZIONI - (3050)",,,,,,,,,,,
AD:,642320 - Nome insegnamento,,,,,,,,,,,
UD:,792609 - Nome modulo,,,,,,,,,,,
Docente:,795977 - Nome docente,,,,,,,,,,,
,,,,,,,,,,,,
,,,Valori assoluti,,,,,,Valori percentuali,,,
Domanda,,N. risposte,Decisamente No,Più No che Sì,,Più Sì che No,,Decisamente Sì,Decisamente No,Più No che Sì,Più Sì che No,Decisamente Sì
Le conoscenze preliminari possedute sono risultate sufficienti per la comprensione degli argomenti previsti nel programma d'esame?,,22,2,2,,12,,6,9.09%,9.09%,54.55%,27.27%
Il carico di studio dell'insegnamento è proporzionato ai crediti assegnati?,,22,0,4,,12,,6,0.00%,18.18%,54.55%,27.27%
Il materiale didattico (indicato e disponibile) è adeguato per lo studio della materia?,,22,1,4,,9,,8,4.55%,18.18%,40.91%,36.36%
Le modalità di esame sono state definite in modo chiaro?,,22,1,1,,6,,14,4.55%,4.55%,27.27%,63.64%
"Gli orari di svolgimento di lezioni, esercitazioni e altre eventuali attività didattiche sono rispettati?",,22,0,0,,6,,16,0.00%,0.00%,27.27%,72.73%
Il docente stimola/motiva l'interesse verso la disciplina?,,22,1,4,,7,,10,4.55%,18.18%,31.82%,45.45%
Il docente espone gli argomenti in modo chiaro?,,22,1,0,,9,,12,4.55%,0.00%,40.91%,54.55%
"Le attività didattiche integrative (esercitazini, tutorati,laboratori, etc...) sono utili all'apprendimento della materia?",,20,1,1,,9,,9,5.00%,5.00%,45.00%,45.00%
L'insegnamento è stato svolto in maniera coerente con quanto dichiarato sul sito Web del corso di studio?,,22,0,0,,12,,10,0.00%,0.00%,54.55%,45.45%
Il docente è reperibile per chiarimenti e spiegazioni?,,22,0,0,,7,,15,0.00%,0.00%,31.82%,68.18%
E' interessato/a agli argomenti trattati nell'insegnamento?,,22,0,5,,13,,4,0.00%,22.73%,59.09%,18.18%
Dipartimento:,Dipartimento di Ingegneria e Architettura - H3,,,,,,,,,,,
Corso:,"L2 - INGEGNERIA INFORMATICA, ELETTRONICA E DELLE TELECOMUNICAZIONI - (3050)",,,,,,,,,,,
AD:,187802 - Nome insegnamento,,,,,,,,,,,
UD:,790481 - Nome modulo,,,,,,,,,,,
Docente:,937860 - Nome docente,,,,,,,,,,,
,,,,,,,,,,,,
,,,Valori assoluti,,,,,,Valori percentuali,,,
Domanda,,N. risposte,Decisamente No,Più No che Sì,,Più Sì che No,,Decisamente Sì,Decisamente No,Più No che Sì,Più Sì che No,Decisamente Sì
Le conoscenze preliminari possedute sono risultate sufficienti per la comprensione degli argomenti previsti nel programma d'esame?,,25,1,6,,11,,7,4.00%,24.00%,44.00%,28.00%
Il carico di studio dell'insegnamento è proporzionato ai crediti assegnati?,,25,0,3,,17,,5,0.00%,12.00%,68.00%,20.00%
Il materiale didattico (indicato e disponibile) è adeguato per lo studio della materia?,,25,1,4,,16,,4,4.00%,16.00%,64.00%,16.00%
Le modalità di esame sono state definite in modo chiaro?,,25,2,2,,15,,6,8.00%,8.00%,60.00%,24.00%
"Gli orari di svolgimento di lezioni, esercitazioni e altre eventuali attività didattiche sono rispettati?",,25,0,1,,14,,10,0.00%,4.00%,56.00%,40.00%
Il docente stimola/motiva l'interesse verso la disciplina?,,25,5,4,,10,,6,20.00%,16.00%,40.00%,24.00%
Il docente espone gli argomenti in modo chiaro?,,25,2,5,,12,,6,8.00%,20.00%,48.00%,24.00%
"Le attività didattiche integrative (esercitazioni, tutorati,laboratori, etc…), ove esistenti, sono utili all'apprendimento della materia?",,25,1,3,,14,,7,4.00%,12.00%,56.00%,28.00%
L'insegnamento è stato svolto in maniera coerente con quanto dichiarato sul sito Web del corso di studio?,,25,1,0,,17,,7,4.00%,0.00%,68.00%,28.00%
Il docente è reperibile per chiarimenti e spiegazioni?,,25,1,6,,10,,8,4.00%,24.00%,40.00%,32.00%
E' interessato/a agli argomenti trattati nell'insegnamento?,,25,0,5,,13,,7,0.00%,20.00%,52.00%,28.00%
Dipartimento:,Dipartimento di Ingegneria e Architettura - H3,,,,,,,,,,,
Corso:,"L2 - INGEGNERIA INFORMATICA, ELETTRONICA E DELLE TELECOMUNICAZIONI - (3050)",,,,,,,,,,,
AD:,145716 - Nome insegnamento,,,,,,,,,,,
UD:,647573 - Nome modulo,,,,,,,,,,,
Docente:,653369 - Nome docente,,,,,,,,,,,
,,,,,,,,,,,,
,,,Valori assoluti,,,,,,Valori percentuali,,,
Domanda,,N. risposte,Decisamente No,Più No che Sì,,Più Sì che No,,Decisamente Sì,Decisamente No,Più No che Sì,Più Sì che No,Decisamente Sì
Le conoscenze preliminari possedute sono risultate sufficienti per la comprensione degli argomenti previsti nel programma d'esame?,,28,4,2,,13,,9,14.29%,7.14%,46.43%,32.14%
Il carico di studio dell'insegnamento è proporzionato ai crediti assegnati?,,28,0,1,,12,,15,0.00%,3.57%,42.86%,53.57%
Il materiale didattico (indicato e disponibile) è adeguato per lo studio della materia?,,28,1,4,,8,,15,3.57%,14.29%,28.57%,53.57%
Le modalità di esame sono state definite in modo chiaro?,,28,0,2,,10,,16,0.00%,7.14%,35.71%,57.14%
"Gli orari di svolgimento di lezioni, esercitazioni e altre eventuali attività didattiche sono rispettati?",,28,1,1,,7,,19,3.57%,3.57%,25.00%,67.86%
Il docente stimola/motiva l'interesse verso la disciplina?,,28,6,8,,6,,8,21.43%,28.57%,21.43%,28.57%
Il docente espone gli argomenti in modo chiaro?,,28,3,5,,12,,8,10.71%,17.86%,42.86%,28.57%
"Le attività didattiche integrative (esercitazini, tutorati,laboratori, etc...) sono utili all'apprendimento della materia?",,28,1,6,,11,,10,3.57%,21.43%,39.29%,35.71%
L'insegnamento è stato svolto in maniera coerente con quanto dichiarato sul sito Web del corso di studio?,,28,0,0,,14,,14,0.00%,0.00%,50.00%,50.00%
Il docente è reperibile per chiarimenti e spiegazioni?,,28,0,0,,13,,15,0.00%,0.00%,46.43%,53.57%
E' interessato/a agli argomenti trattati nell'insegnamento?,,28,0,1,,13,,14,0.00%,3.57%,46.43%,50.00%
Dipartimento:,Dipartimento di Ingegneria e Architettura - H3,,,,,,,,,,,
Corso:,"L2 - INGEGNERIA INFORMATICA, ELETTRONICA E DELLE TELECOMUNICAZIONI - (3050)",,,,,,,,,,,
AD:,315201 - Nome insegnamento,,,,,,,,,,,
UD:,784849 - Nome modulo,,,,,,,,,,,
Docente:,932366 - Nome docente,,,,,,,,,,,
,,,,,,,,,,,,
,,,Valori assoluti,,,,,,Valori percentuali,,,
Domanda,,N. risposte,Decisamente No,Più No che Sì,,Più Sì che No,,Decisamente Sì,Decisamente No,Più No che Sì,Più Sì che No,Decisamente Sì
Le conoscenze preliminari possedute sono risultate sufficienti per la comprensione degli argomenti previsti nel programma d'esame?,,20,1,4,,7,,8,5.00%,20.00%,35.00%,40.00%
Il carico di studio dell'insegnamento è proporzionato ai crediti assegnati?,,20,0,0,,6,,14,0.00%,0.00%,30.00%,70.00%
Il materiale didattico (indicato e disponibile) è adeguato per lo studio della materia?,,20,2,2,,11,,5,10.00%,10.00%,55.00%,25.00%
Le modalità di esame sono state definite in modo chiaro?,,20,2,2,,6,,10,10.00%,10.00%,30.00%,50.00%
"Gli orari di svolgimento di lezioni, esercitazioni e altre eventuali attività didattiche sono rispettati?",,20,0,0,,9,,11,0.00%,0.00%,45.00%,55.00%
Il docente stimola/motiva l'interesse verso la disciplina?,,20,2,2,,9,,7,10.00%,10.00%,45.00%,35.00%
Il docente espone gli argomenti in modo chiaro?,,20,2,2,,9,,7,10.00%,10.00%,45.00%,35.00%
"Le attività didattiche integrative (esercitazini, tutorati,laboratori, etc...) sono utili all'apprendimento della materia?",,20,1,0,,7,,12,5.00%,0.00%,35.00%,60.00%
L'insegnamento è stato svolto in maniera coerente con quanto dichiarato sul sito Web del corso di studio?,,20,1,0,,13,,6,5.00%,0.00%,65.00%,30.00%
Il docente è reperibile per chiarimenti e spiegazioni?,,20,1,0,,10,,9,5.00%,0.00%,50.00%,45.00%
E' interessato/a agli argomenti trattati nell'insegnamento?,,20,0,2,,9,,9,0.00%,10.00%,45.00%,45.00%
Dipartimento:,Dipartimento di Ingegneria e Architettura - H3,,,,,,,,,,,
Corso:,"L2 - INGEGNERIA INFORMATICA, ELETTRONICA E DELLE TELECOMUNICAZIONI - (3050)",,,,,,,,,,,
AD:,718827 - Nome insegnamento,,,,,,,,,,,
UD:,276512 - Nome modulo,,,,,,,,,,,
Docente:,797752 - Nome docente,,,,,,,,,,,
,,,,,,,,,,,,
,,,Valori assoluti,,,,,,Valori percentuali,,,
Domanda,,N. risposte,Decisamente No,Più No che Sì,,Più Sì che No,,Decisamente Sì,Decisamente No,Più No che Sì,Più Sì che No,Decisamente Sì
Le conoscenze preliminari possedute sono risultate sufficienti per la comprensione degli argomenti previsti nel programma d'esame?,,72,1,22,,31,,18,1.39%,30.56%,43.06%,25.00%
Il carico di studio dell'insegnamento è proporzionato ai crediti assegnati?,,72,2,5,,39,,26,2.78%,6.94%,54.17%,36.11%
Il materiale didattico (indicato e disponibile) è adeguato per lo studio della materia?,,72,3,12,,34,,23,4.17%,16.67%,47.22%,31.94%
Le modalità di esame sono state definite in modo chiaro?,,72,1,4,,32,,35,1.39%,5.56%,44.44%,48.61%
"Gli orari di svolgimento di lezioni, esercitazioni e altre eventuali attività didattiche sono rispettati?",,72,0,2,,24,,46,0.00%,2.78%,33.33%,63.89%
Il docente stimola/motiva l'interesse verso la disciplina?,,72,0,4,,33,,35,0.00%,5.56%,45.83%,48.61%
Il docente espone gli argomenti in modo chiaro?,,72,0,1,,35,,36,0.00%,1.39%,48.61%,50.00%
"Le attività didattiche integrative (esercitazini, tutorati,laboratori, etc...) sono utili all'apprendimento della materia?",,72,1,18,,34,,19,1.39%,25.00%,47.22%,26.39%
L'insegnamento è stato svolto in maniera coerente con quanto dichiarato sul sito Web del corso di studio?,,72,0,1,,38,,33,0.00%,1.39%,52.78%,45.83%
Il docente è reperibile per chiarimenti e spiegazioni?,,72,1,2,,30,,39,1.39%,2.78%,41.67%,54.17%
E' interessato/a agli argomenti trattati nell'insegnamento?,,72,1,7,,32,,32,1.39%,9.72%,44.44%,44.44%
Dipartimento:,Dipartimento di Ingegneria e Architettura - H3,,,,,,,,,,,
Corso:,"L2 - INGEGNERIA INFORMATICA, ELETTRONICA E DELLE TELECOMUNICAZIONI - (3050)",,,,,,,,,,,
AD:,795958 - Nome insegnamento,,,,,,,,,,,
UD:,115531 - Nome modulo,,,,,,,,,,,
Docente:,563428 - Nome docente,,,,,,,,,,,
,,,,,,,,,,,,
,,,Valori assoluti,,,,,,Valori percentuali,,,
Domanda,,N. risposte,Decisamente No,Più No che Sì,,Più Sì che No,,Decisamente Sì,Decisamente No,Più No che Sì,Più Sì che No,Decisamente Sì
Le conoscenze preliminari possedute sono risultate sufficienti per la comprensione degli argomenti previsti nel programma d'esame?,,20,0,0,,11,,9,0.00%,0.00%,55.00%,45.00%
Il carico di studio dell'insegnamento è proporzionato ai crediti assegnati?,,20,0,0,,11,,9,0.00%,0.00%,55.00%,45.00%
Il materiale didattico (indicato e disponibile) è adeguato per lo studio della materia?,,20,0,2,,10,,8,0.00%,10.00%,50.00%,40.00%
Le modalità di esame sono state definite in modo chiaro?,,20,0,0,,8,,12,0.00%,0.00%,40.00%,60.00%
"Gli orari di svolgimento di lezioni, esercitazioni e altre eventuali attività didattiche sono rispettati?",,20,0,0,,10,,10,0.00%,0.00%,50.00%,50.00%
Il docente stimola/motiva l'interesse verso la disciplina?,,20,0,1,,7,,12,0.00%,5.00%,35.00%,60.00%
Il docente espone gli argomenti in modo chiaro?,,20,0,1,,11,,8,0.00%,5.00%,55.00%,40.00%
"Le attività didattiche integrative (esercitazini, tutorati,laboratori, etc...) sono utili all'apprendimento della materia?",,20,1,1,,14,,4,5.00%,5.00%,70.00%,20.00%
L'insegnamento è stato svolto in maniera coerente con quanto dichiarato sul sito Web del corso di studio?,,20,0,0,,12,,8,0.00%,0.00%,60.00%,40.00%
Il docente è reperibile per chiarimenti e spiegazioni?,,20,0,0,,6,,14,0.00%,0.00%,30.00%,70.00%
E' interessato/a agli argomenti trattati nell'insegnamento?,,20,0,0,,6,,14,0.00%,0.00%,30.00%,70.00%
Dipartimento:,Dipartimento di Ingegneria e Architettura - H3,,,,,,,,,,,
Corso:,"L2 - INGEGNERIA INFORMATICA, ELETTRONICA E DELLE TELECOMUNICAZIONI - (3050)",,,,,,,,,,,
AD:,870432 - Nome insegnamento,,,,,,,,,,,
UD:,989567 - Nome modulo,,,,,,,,,,,
Docente:,532886 - Nome docente,,,,,,,,,,,
,,,,,,,,,,,,
,,,Valori assoluti,,,,,,Valori percentuali,,,
Domanda,,N. risposte,Decisamente No,Più No che Sì,,Più Sì che No,,Decisamente Sì,Decisamente No,Più No che Sì,Più Sì che No,Decisamente Sì
Le conoscenze preliminari possedute sono risultate sufficienti per la comprensione degli argomenti previsti nel programma d'esame?,,13,0,1,,8,,4,0.00%,7.69%,61.54%,30.77%
Il carico di studio dell'insegnamento è proporzionato ai crediti assegnati?,,13,0,1,,7,,5,0.00%,7.69%,53.85%,38.46%
Il materiale didattico (indicato e disponibile) è adeguato per lo studio della materia?,,13,0,0,,4,,9,0.00%,0.00%,30.77%,69.23%
Le modalità di esame sono state definite in modo chiaro?,,13,0,0,,2,,11,0.00%,0.00%,15.38%,84.62%
"Gli orari di svolgimento di lezioni, esercitazioni e altre eventuali attività didattiche sono rispettati?",,13,0,0,,1,,12,0.00%,0.00%,7.69%,92.31%
Il docente stimola/motiva l'interesse verso la disciplina?,,13,0,0,,0,,13,0.00%,0.00%,0.00%,100.00%
Il docente espone gli argomenti in modo chiaro?,,13,0,0,,0,,13,0.00%,0.00%,0.00%,100.00%
"Le attività didattiche integrative (esercitazini, tutorati,laboratori, etc...) sono utili all'apprendimento della materia?",,13,0,0,,4,,9,0.00%,0.00%,30.77%,69.23%
L'insegnamento è stato svolto in maniera coerente con quanto dichiarato sul sito Web del corso di studio?,,13,0,0,,2,,11,0.00%,0.00%,15.38%,84.62%
Il docente è reperibile per chiarimenti e spiegazioni?,,13,0,0,,2,,11,0.00%,0.00%,15.38%,84.62%
E' interessato/a agli argomenti trattati nell'insegnamento?,,13,0,0,,3,,10,0.00%,0.00%,23.08%,76.92%
Dipartimento:,Dipartimento di Ingegneria e Architettura - H3,,,,,,,,,,,
Corso:,"L2 - INGEGNERIA INFORMATICA, ELETTRONICA E DELLE TELECOMUNICAZIONI - (3050)",,,,,,,,,,,
AD:,267552 - Nome insegnamento,,,,,,,,,,,
UD:,796944 - Nome modulo,,,,,,,,,,,
Docente:,847523 - Nome docente,,,,,,,,,,,
,,,,,,,,,,,,
,,,Valori assoluti,,,,,,Valori percentuali,,,
Domanda,,N. risposte,Decisamente No,Più No che Sì,,Più Sì che No,,Decisamente Sì,Decisamente No,Più No che Sì,Più Sì che No,Decisamente Sì
Le conoscenze preliminari possedute sono risultate sufficienti per la comprensione degli argomenti previsti nel programma d'esame?,,14,1,2,,9,,2,7.14%,14.29%,64.29%,14.29%
Il carico di studio dell'insegnamento è proporzionato ai crediti assegnati?,,14,3,3,,4,,4,21.43%,21.43%,28.57%,28.57%
Il materiale didattico (indicato e disponibile) è adeguato per lo studio della materia?,,14,1,2,,6,,5,7.14%,14.29%,42.86%,35.71%
Le modalità di esame sono state definite in modo chiaro?,,14,0,1,,5,,8,0.00%,7.14%,35.71%,57.14%
"Gli orari di svolgimento di lezioni, esercitazioni e altre eventuali attività didattiche sono rispettati?",,14,0,0,,5,,9,0.00%,0.00%,35.71%,64.29%
Il docente stimola/motiva l'interesse verso la disciplina?,,14,1,3,,4,,6,7.14%,21.43%,28.57%,42.86%
Il docente espone gli argomenti in modo chiaro?,,14,2,2,,5,,5,14.29%,14.29%,35.71%,35.71%
"Le attività didattiche integrative (esercitazini, tutorati,laboratori, etc...) sono utili all'apprendimento della materia?",,14,1,1,,5,,7,7.14%,7.14%,35.71%,50.00%
L'insegnamento è stato svolto in maniera coerente con quanto dichiarato sul sito Web del corso di studio?,,14,1,0,,8,,5,7.14%,0.00%,57.14%,35.71%
Il docente è reperibile per chiarimenti e spiegazioni?,,14,0,0,,6,,8,0.00%,0.00%,42.86%,57.14%
E' interessato/a agli argomenti trattati nell'insegnamento?,,14,0,2,,6,,6,0.00%,14.29%,42.86%,42.86%
Dipartimento:,Dipartimento di Ingegneria e Architettura - H3,,,,,,,,,,,
Corso:,"L2 - INGEGNERIA INFORMATICA, ELETTRONICA E DELLE TELECOMUNICAZIONI - (3050)",,,,,,,,,,,
AD:,398518 - Nome insegnamento,,,,,,,,,,,
UD:,474754 - Nome modulo,,,,,,,,,,,
Docente:,403649 - Nome docente,,,,,,,,,,,
,,,,,,,,,,,,
,,,Valori assoluti,,,,,,Valori percentuali,,,
Domanda,,N. risposte,Decisamente No,Più No che Sì,,Più Sì che No,,Decisamente Sì,Decisamente No,Più No che Sì,Più Sì che No,Decisamente Sì
Le conoscenze preliminari possedute sono risultate sufficienti per la comprensione degli argomenti previsti nel programma d'esame?,,31,0,4,,11,,16,0.00%,12.90%,35.48%,51.61%
Il carico di studio dell'insegnamento è proporzionato ai crediti assegnati?,,31,0,2,,13,,16,0.00%,6.45%,41.94%,51.61%
Il materiale didattico (indicato e disponibile) è adeguato per lo studio della materia?,,31,0,0,,12,,19,0.00%,0.00%,38.71%,61.29%
Le modalità di esame sono state definite in modo chiaro?,,31,0,1,,7,,23,0.00%,3.23%,22.58%,74.19%
"Gli orari di svolgimento di lezioni, esercitazioni e altre eventuali attività didattiche sono rispettati?",,31,0,0,,7,,24,0.00%,0.00%,22.58%,77.42%
Il docente stimola/motiva l'interesse verso la disciplina?,,31,0,0,,12,,19,0.00%,0.00%,38.71%,61.29%
Il docente espone gli argomenti in modo chiaro?,,31,0,0,,8,,23,0.00%,0.00%,25.81%,74.19%
"Le attività didattiche integrative (esercitazini, tutorati,laboratori, etc...) sono utili all'apprendimento della materia?",,29,0,2,,12,,15,0.00%,6.90%,41.38%,51.72%
L'insegnamento è stato svolto in maniera coerente con quanto dichiarato sul sito Web del corso di studio?,,31,0,1,,6,,24,0.00%,3.23%,19.35%,77.42%
Il docente è reperibile per chiarimenti e spiegazioni?,,31,0,1,,6,,24,0.00%,3.23%,19.35%,77.42%
E' interessato/a agli argomenti trattati nell'insegnamento?,,31,0,0,,15,,16,0.00%,0.00%,48.39%,51.61%
Dipartimento:,Dipartimento di Ingegneria e Architettura - H3,,,,,,,,,,,
Corso:,"L2 - INGEGNERIA INFORMATICA, ELETTRONICA E DELLE TELECOMUNICAZIONI - (3050)",,,,,,,,,,,
AD:,294052 - Nome insegnamento,,,,,,,,,,,
UD:,562380 - Nome modulo,,,,,,,,,,,
Docente:,379181 - Nome docente,,,,,,,,,,,
,,,,,,,,,,,,
,,,Valori assoluti,,,,,,Valori percentuali,,,
Domanda,,N. risposte,Decisamente No,Più No che Sì,,Più Sì che No,,Decisamente Sì,Decisamente No,Più No che Sì,Più Sì che No,Decisamente Sì
Le conoscenze preliminari possedute sono risultate sufficienti per la comprensione degli argomenti previsti nel programma d'esame?,,28,1,5,,11,,11,3.57%,17.86%,39.29%,39.29%
Il carico di studio dell'insegnamento è proporzionato ai crediti assegnati?,,28,11,5,,5,,7,39.29%,17.86%,17.86%,25.00%
Il materiale didattico (indicato e disponibile) è adeguato per lo studio della materia?,,28,4,8,,8,,8,14.29%,28.57%,28.57%,28.57%
Le modalità di esame sono state definite in modo chiaro?,,28,2,3,,11,,12,7.14%,10.71%,39.29%,42.86%
"Gli orari di svolgimento di lezioni, esercitazioni e altre eventuali attività didattiche sono rispettati?",,28,5,6,,11,,6,17.86%,21.43%,39.29%,21.43%
Il docente stimola/motiva l'interesse verso la disciplina?,,28,3,4,,10,,11,10.71%,14.29%,35.71%,39.29%
Il docente espone gli argomenti in modo chiaro?,,28,2,7,,9,,10,7.14%,25.00%,32.14%,35.71%
"Le attività didattiche integrative (esercitazini, tutorati,laboratori, etc...) sono utili all'apprendimento della materia?",,28,6,2,,10,,10,21.43%,7.14%,35.71%,35.71%
L'insegnamento è stato svolto in maniera coerente con quanto dichiarato sul sito Web del corso di studio?,,28,1,4,,13,,10,3.57%,14.29%,46.43%,35.71%
Il docente è reperibile per chiarimenti e spiegazioni?,,28,2,2,,8,,16,7.14%,7.14%,28.57%,57.14%
E' interessato/a agli argomenti trattati nell'insegnamento?,,28,2,2,,16,,8,7.14%,7.14%,57.14%,28.57%
Dipartimento:,Dipartimento di Ingegneria e Architettura - H3,,,,,,,,,,,
Corso:,"L2 - INGEGNERIA INFORMATICA, ELETTRONICA E DELLE TELECOMUNICAZIONI - (3050)",,,,,,,,,,,
AD:,654609 - Nome insegnamento,,,,,,,,,,,
UD:,554211 - Nome modulo,,,,,,,,,,,
Docente:,420760 - Nome docente,,,,,,,,,,,
,,,,,,,,,,,,
,,,Valori assoluti,,,,,,Valori percentuali,,,
Domanda,,N. risposte,Decisamente No,Più No che Sì,,Più Sì che No,,Decisamente Sì,Decisamente No,Più No che Sì,Più Sì che No,Decisamente Sì
Le conoscenze preliminari possedute sono risultate sufficienti per la comprensione degli argomenti previsti nel programma d'esame?,,24,3,8,,10,,3,12.50%,33.33%,41.67%,12.50%
Il carico di studio dell'insegnamento è proporzionato ai crediti assegnati?,,24,8,5,,7,,4,33.33%,20.83%,29.17%,16.67%
Il materiale didattico (indicato e disponibile) è adeguato per lo studio della materia?,,24,7,8,,5,,4,29.17%,33.33%,20.83%,16.67%
Le modalità di esame sono state definite in modo chiaro?,,24,3,3,,10,,8,12.50%,12.50%,41.67%,33.33%
"Gli orari di svolgimento di lezioni, esercitazioni e altre eventuali attività didattiche sono rispettati?",,24,2,1,,7,,14,8.33%,4.17%,29.17%,58.33%
Il docente stimola/motiva l'interesse verso la disciplina?,,24,2,6,,11,,5,8.33%,25.00%,45.83%,20.83%
Il docente espone gli argomenti in modo chiaro?,,24,2,6,,11,,5,8.33%,25.00%,45.83%,20.83%
"Le attività didattiche integrative (esercitazini, tutorati,laboratori, etc...) sono utili all'apprendimento della materia?",,24,9,2,,8,,5,37.50%,8.33%,33.33%,20.83%
L'insegnamento è stato svolto in maniera coerente con quanto dichiarato sul sito Web del corso di studio?,,24,2,3,,13,,6,8.33%,12.50%,54.17%,25.00%
Il docente è reperibile per chiarimenti e spiegazioni?,,24,3,8,,8,,5,12.50%,33.33%,33.33%,20.83%
E' interessato/a agli argomenti trattati nell'insegnamento?,,24,1,0,,8,,15,4.17%,0.00%,33.33%,62.50%
Dipartimento:,Dipartimento di Ingegneria e Architettura - H3,,,,,,,,,,,
Corso:,"L2 - INGEGNERIA INFORMATICA, ELETTRONICA E DELLE TELECOMUNICAZIONI - (3050)",,,,,,,,,,,
AD:,756954 - Nome insegnamento,,,,,,,,,,,
UD:,233554 - Nome modulo,,,,,,,,,,,
Docente:,521187 - Nome docente,,,,,,,,,,,
,,,,,,,,,,,,
,,,Valori assoluti,,,,,,Valori percentuali,,,
Domanda,,N. risposte,Decisamente No,Più No che Sì,,Più Sì che No,,Decisamente Sì,Decisamente No,Più No che Sì,Più Sì che No,Decisamente Sì
Le conoscenze preliminari possedute sono risultate sufficienti per la comprensione degli argomenti previsti nel programma d'esame?,,23,2,5,,11,,5,8.70%,21.74%,47.83%,21.74%
Il carico di studio dell'insegnamento è proporzionato ai crediti assegnati?,,23,9,2,,9,,3,39.13%,8.70%,39.13%,13.04%
Il materiale didattico (indicato e disponibile) è adeguato per lo studio della materia?,,23,5,5,,7,,6,21.74%,21.74%,30.43%,26.09%
Le modalità di esame sono state definite in modo chiaro?,,23,3,3,,9,,8,13.04%,13.04%,39.13%,34.78%
"Gli orari di svolgimento di lezioni, esercitazioni e altre eventuali attività didattiche sono rispettati?",,23,2,0,,10,,11,8.70%,0.00%,43.48%,47.83%
Il docente stimola/motiva l'interesse verso la disciplina?,,23,2,4,,14,,3,8.70%,17.39%,60.87%,13.04%
Il docente espone gli argomenti in modo chiaro?,,23,2,4,,13,,4,8.70%,17.39%,56.52%,17.39%
"Le attività didattiche integrative (esercitazini, tutorati,laboratori, etc...) sono utili all'apprendimento della materia?",,23,7,3,,6,,7,30.43%,13.04%,26.09%,30.43%
L'insegnamento è stato svolto in maniera coerente con quanto dichiarato sul sito Web del corso di studio?,,23,2,2,,12,,7,8.70%,8.70%,52.17%,30.43%
Il docente è reperibile per chiarimenti e spiegazioni?,,23,2,4,,12,,5,8.70%,17.39%,52.17%,21.74%
E' interessato/a agli argomenti trattati nell'insegnamento?,,23,1,1,,8,,13,4.35%,4.35%,34.78%,56.52%
Dipartimento:,Dipartimento di Ingegneria e Architettura - H3,,,,,,,,,,,
Corso:,"L2 - INGEGNERIA INFORMATICA, ELETTRONICA E DELLE TELECOMUNICAZIONI - (3050)",,,,,,,,,,,
AD:,840103 - Nome insegnamento,,,,,,,,,,,
UD:,825585 - Nome modulo,,,,,,,,,,,
Docente:,205253 - Nome docente,,,,,,,,,,,
,,,,,,,,,,,,
,,,Valori assoluti,,,,,,Valori percentuali,,,
Domanda,,N. risposte,Decisamente No,Più No che Sì,,Più Sì che No,,Decisamente Sì,Decisamente No,Più No che Sì,Più Sì che No,Decisamente Sì
Le conoscenze preliminari possedute sono risultate sufficienti per la comprensione degli argomenti previsti nel programma d'esame?,,13,0,0,,5,,8,0.00%,0.00%,38.46%,61.54%
Il carico di studio dell'insegnamento è proporzionato ai crediti assegnati?,,13,0,0,,8,,5,0.00%,0.00%,61.54%,38.46%
Il materiale didattico (indicato e disponibile) è adeguato per lo studio della materia?,,13,0,0,,6,,7,0.00%,0.00%,46.15%,53.85%
Le modalità di esame sono state definite in modo chiaro?,,13,0,0,,3,,10,0.00%,0.00%,23.08%,76.92%
"Gli orari di svolgimento di lezioni, esercitazioni e altre eventuali attività didattiche sono rispettati?",,13,0,0,,6,,7,0.00%,0.00%,46.15%,53.85%
Il docente stimola/motiva l'interesse verso la disciplina?,,13,0,0,,5,,8,0.00%,0.00%,38.46%,61.54%
Il docente espone gli argomenti in modo chiaro?,,13,0,0,,5,,8,0.00%,0.00%,38.46%,61.54%
"Le attività didattiche integrative (esercitazini, tutorati,laboratori, etc...) sono utili all'apprendimento della materia?",,13,0,0,,6,,7,0.00%,0.00%,46.15%,53.85%
L'insegnamento è stato svolto in maniera coerente con quanto dichiarato sul sito Web del corso di studio?,,13,0,0,,7,,6,0.00%,0.00%,53.85%,46.15%
Il docente è reperibile per chiarimenti e spiegazioni?,,13,0,0,,5,,8,0.00%,0.00%,38.46%,61.54%
E' interessato/a agli argomenti trattati nell'insegnamento?,,13,0,0,,5,,8,0.00%,0.00%,38.46%,61.54%
Dipartimento:,Dipartimento di Ingegneria e Architettura - H3,,,,,,,,,,,
Corso:,"L2 - INGEGNERIA INFORMATICA, ELETTRONICA E DELLE TELECOMUNICAZIONI - (3050)",,,,,,,,,,,
AD:,975654 - Nome insegnamento,,,,,,,,,,,
UD:,322813 - Nome modulo,,,,,,,,,,,
Docente:,157408 - Nome docente,,,,,,,,,,,
,,,,,,,,,,,,
,,,Valori assoluti,,,,,,Valori percentuali,,,
Domanda,,N. risposte,Decisamente No,Più No che Sì,,Più Sì che No,,Decisamente Sì,Decisamente No,Più No che Sì,Più Sì che No,Decisamente Sì
Le conoscenze preliminari possedute sono risultate sufficienti per la comprensione degli argomenti previsti nel programma d'esame?,,13,0,2,,9,,2,0.00%,15.38%,69.23%,15.38%
Il carico di studio dell'insegnamento è proporzionato ai crediti assegnati?,,13,3,3,,3,,4,23.08%,23.08%,23.08%,30.77%
Il materiale didattico (indicato e disponibile) è adeguato per lo studio della materia?,,13,0,4,,5,,4,0.00%,30.77%,38.46%,30.77%
Le modalità di esame sono state definite in modo chiaro?,,13,0,2,,5,,6,0.00%,15.38%,38.46%,46.15%
"Gli orari di svolgimento di lezioni, esercitazioni e altre eventuali attività didattiche sono rispettati?",,13,0,0,,5,,8,0.00%,0.00%,38.46%,61.54%
Il docente stimola/motiva l'interesse verso la disciplina?,,13,2,1,,4,,6,15.38%,7.69%,30.77%,46.15%
Il docente espone gli argomenti in modo chiaro?,,13,1,2,,5,,5,7.69%,15.38%,38.46%,38.46%
"Le attività didattiche integrative (esercitazini, tutorati,laboratori, etc...) sono utili all'apprendimento della materia?",,13,0,2,,5,,6,0.00%,15.38%,38.46%,46.15%
L'insegnamento è stato svolto in maniera coerente con quanto dichiarato sul sito Web del corso di studio?,,13,0,1,,5,,7,0.00%,7.69%,38.46%,53.85%
Il docente è reperibile per chiarimenti e spiegazioni?,,13,0,1,,6,,6,0.00%,7.69%,46.15%,46.15%
E' interessato/a agli argomenti trattati nell'insegnamento?,,13,0,3,,5,,5,0.00%,23.08%,38.46%,38.46%
Dipartimento:,Dipartimento di Ingegneria e Architettura - H3,,,,,,,,,,,
Corso:,"L2 - INGEGNERIA INFORMATICA, ELETTRONICA E DELLE TELECOMUNICAZIONI - (3050)",,,,,,,,,,,
AD:,942339 - Nome insegnamento,,,,,,,,,,,
UD:,845007 - Nome modulo,,,,,,,,,,,
Docente:,492656 - Nome docente,,,,,,,,,,,
,,,,,,,,,,,,
,,,Valori assoluti,,,,,,Valori percentuali,,,
Domanda,,N. risposte,Decisamente No,Più No che Sì,,Più Sì che No,,Decisamente Sì,Decisamente No,Più No che Sì,Più Sì che No,Decisamente Sì
Le conoscenze preliminari possedute sono risultate sufficienti per la comprensione degli argomenti previsti nel programma d'esame?,,9,0,2,,3,,4,0.00%,22.22%,33.33%,44.44%
Il carico di studio dell'insegnamento è proporzionato ai crediti assegnati?,,9,0,1,,5,,3,0.00%,11.11%,55.56%,33.33%
Il materiale didattico (indicato e disponibile) è adeguato per lo studio della materia?,,9,0,0,,4,,5,0.00%,0.00%,44.44%,55.56%
Le modalità di esame sono state definite in modo chiaro?,,9,0,0,,1,,8,0.00%,0.00%,11.11%,88.89%
"Gli orari di svolgimento di lezioni, esercitazioni e altre eventuali attività didattiche sono rispettati?",,9,0,0,,1,,8,0.00%,0.00%,11.11%,88.89%
Il docente stimola/motiva l'interesse verso la disciplina?,,9,0,0,,4,,5,0.00%,0.00%,44.44%,55.56%
Il docente espone gli argomenti in modo chiaro?,,9,0,0,,1,,8,0.00%,0.00%,11.11%,88.89%
"Le attività didattiche integrative (esercitazini, tutorati,laboratori, etc...) sono utili all'apprendimento della materia?",,9,0,2,,4,,3,0.00%,22.22%,44.44%,33.33%
L'insegnamento è stato svolto in maniera coerente con quanto dichiarato sul sito Web del corso di studio?,,9,0,0,,2,,7,0.00%,0.00%,22.22%,77.78%
Il docente è reperibile per chiarimenti e spiegazioni?,,9,0,0,,3,,6,0.00%,0.00%,33.33%,66.67%
E' interessato/a agli argomenti trattati nell'insegnamento?,,9,0,0,,2,,7,0.00%,0.00%,22.22%,77.78%
Dipartimento:,Dipartimento di Ingegneria e Architettura - H3,,,,,,,,,,,
Corso:,"L2 - INGEGNERIA INFORMATICA, ELETTRONICA E DELLE TELECOMUNICAZIONI - (3050)",,,,,,,,,,,
AD:,380595 - Nome insegnamento,,,,,,,,,,,
UD:,613804 - Nome modulo,,,,,,,,,,,
Docente:,254878 - Nome docente,,,,,,,,,,,
,,,,,,,,,,,,
,,,Valori assoluti,,,,,,Valori percentuali,,,
Domanda,,N. risposte,Decisamente No,Più No che Sì,,Più Sì che No,,Decisamente Sì,Decisamente No,Più No che Sì,Più Sì che No,Decisamente Sì
Le conoscenze preliminari possedute sono risultate sufficienti per la comprensione degli argomenti previsti nel programma d'esame?,,122,7,35,,49,,31,5.74%,28.69%,40.16%,25.41%
Il carico di studio dell'insegnamento è proporzionato ai crediti assegnati?,,122,1,15,,65,,41,0.82%,12.30%,53.28%,33.61%
Il materiale didattico (indicato e disponibile) è adeguato per lo studio della materia?,,122,9,18,,57,,38,7.38%,14.75%,46.72%,31.15%
Le modalità di esame sono state definite in modo chiaro?,,122,2,12,,41,,67,1.64%,9.84%,33.61%,54.92%
"Gli orari di svolgimento di lezioni, esercitazioni e altre eventuali attività didattiche sono rispettati?",,122,0,8,,58,,56,0.00%,6.56%,47.54%,45.90%
Il docente stimola/motiva l'interesse verso la disciplina?,,122,2,19,,72,,29,1.64%,15.57%,59.02%,23.77%
Il docente espone gli argomenti in modo chiaro?,,122,1,12,,68,,41,0.82%,9.84%,55.74%,33.61%
"Le attività didattiche integrative (esercitazioni, tutorati,laboratori, etc…), ove esistenti, sono utili all'apprendimento della materia?",,122,6,14,,54,,48,4.92%,11.48%,44.26%,39.34%
L'insegnamento è stato svolto in maniera coerente con quanto dichiarato sul sito Web del corso di studio?,,122,0,5,,61,,56,0.00%,4.10%,50.00%,45.90%
Il docente è reperibile per chiarimenti e spiegazioni?,,122,1,7,,49,,65,0.82%,5.74%,40.16%,53.28%
E' interessato/a agli argomenti trattati nell'insegnamento?,,122,4,16,,76,,26,3.28%,13.11%,62.30%,21.31%
Dipartimento:,Dipartimento di Ingegneria e Architettura - H3,,,,,,,,,,,
Corso:,"L2 - INGEGNERIA INFORMATICA, ELETTRONICA E DELLE TELECOMUNICAZIONI - (3050)",,,,,,,,,,,
AD:,189617 - Nome insegnamento,,,,,,,,,,,
UD:,261997 - Nome modulo,,,,,,,,,,,
Docente:,319161 - Nome docente,,,,,,,,,,,
,,,,,,,,,,,,
,,,Valori assoluti,,,,,,Valori percentuali,,,
Domanda,,N. risposte,Decisamente No,Più No che Sì,,Più Sì che No,,Decisamente Sì,Decisamente No,Più No che Sì,Più Sì che No,Decisamente Sì
Le conoscenze preliminari possedute sono risultate sufficienti per la comprensione degli argomenti previsti nel programma d'esame?,,14,0,1,,8,,5,0.00%,7.14%,57.14%,35.71%
Il carico di studio dell'insegnamento è proporzionato ai crediti assegnati?,,14,0,2,,8,,4,0.00%,14.29%,57.14%,28.57%
Il materiale didattico (indicato e disponibile) è adeguato per lo studio della materia?,,14,0,2,,9,,3,0.00%,14.29%,64.29%,21.43%
Le modalità di esame sono state definite in modo chiaro?,,14,0,3,,8,,3,0.00%,21.43%,57.14%,21.43%
"Gli orari di svolgimento di lezioni, esercitazioni e altre eventuali attività didattiche sono rispettati?",,14,0,0,,6,,8,0.00%,0.00%,42.86%,57.14%
Il docente stimola/motiva l'interesse verso la disciplina?,,14,0,1,,12,,1,0.00%,7.14%,85.71%,7.14%
Il docente espone gli argomenti in modo chiaro?,,14,0,3,,9,,2,0.00%,21.43%,64.29%,14.29%
"Le attività didattiche integrative (esercitazini, tutorati,laboratori, etc...) sono utili all'apprendimento della materia?",,14,0,0,,5,,9,0.00%,0.00%,35.71%,64.29%
L'insegnamento è stato svolto in maniera coerente con quanto dichiarato sul sito Web del corso di studio?,,14,0,0,,10,,4,0.00%,0.00%,71.43%,28.57%
Il docente è reperibile per chiarimenti e spiegazioni?,,14,0,0,,9,,5,0.00%,0.00%,64.29%,35.71%
E' interessato/a agli argomenti trattati nell'insegnamento?,,14,0,1,,7,,6,0.00%,7.14%,50.00%,42.86%
Dipartimento:,Dipartimento di Ingegneria e Architettura - H3,,,,,,,,,,,
Corso:,"L2 - INGEGNERIA INFORMATICA, ELETTRONICA E DELLE TELECOMUNICAZIONI - (3050)",,,,,,,,,,,
AD:,150474 - Nome insegnamento,,,,,,,,,,,
UD:,980971 - Nome modulo,,,,,,,,,,,
Docente:,635489 - Nome docente,,,,,,,,,,,
,,,,,,,,,,,,
,,,Valori assoluti,,,,,,Valori percentuali,,,
Domanda,,N. risposte,Decisamente No,Più No che Sì,,Più Sì che No,,Decisamente Sì,Decisamente No,Più No che Sì,Più Sì che No,Decisamente Sì
Le conoscenze preliminari possedute sono risultate sufficienti per la comprensione degli argomenti previsti nel programma d'esame?,,18,1,2,,9,,6,5.56%,11.11%,50.00%,33.33%
Il carico di studio dell'insegnamento è proporzionato ai crediti assegnati?,,18,1,1,,12,,4,5.56%,5.56%,66.67%,22.22%
Il materiale didattico (indicato e disponibile) è adeguato per lo studio della materia?,,18,1,1,,7,,9,5.56%,5.56%,38.89%,50.00%
Le modalità di esame sono state definite in modo chiaro?,,18,0,1,,8,,9,0.00%,5.56%,44.44%,50.00%
"Gli orari di svolgimento di lezioni, esercitazioni e altre eventuali attività didattiche sono rispettati?",,18,0,0,,6,,12,0.00%,0.00%,33.33%,66.67%
Il docente stimola/motiva l'interesse verso la disciplina?,,18,1,5,,7,,5,5.56%,27.78%,38.89%,27.78%
Il docente espone gli argomenti in modo chiaro?,,18,0,5,,10,,3,0.00%,27.78%,55.56%,16.67%
"Le attività didattiche integrative (esercitazini, tutorati,laboratori, etc...) sono utili all'apprendimento della materia?",,18,1,0,,8,,9,5.56%,0.00%,44.44%,50.00%
L'insegnamento è stato svolto in maniera coerente con quanto dichiarato sul sito Web del corso di studio?,,18,0,1,,9,,8,0.00%,5.56%,50.00%,44.44%
Il docente è reperibile per chiarimenti e spiegazioni?,,18,0,3,,9,,6,0.00%,16.67%,50.00%,33.33%
E' interessato/a agli argomenti trattati nell'insegnamento?,,18,0,0,,10,,8,0.00%,0.00%,55.56%,44.44%
Dipartimento:,Dipartimento di Ingegneria e Architettura - H3,,,,,,,,,,,
Corso:,"L2 - INGEGNERIA INFORMATICA, ELETTRONICA E DELLE TELECOMUNICAZIONI - (3050)",,,,,,,,,,,
AD:,922241 - Nome insegnamento,,,,,,,,,,,
UD:,232137 - Nome modulo,,,,,,,,,,,
Docente:,148249 - Nome docente,,,,,,,,,,,
,,,,,,,,,,,,
,,,Valori assoluti,,,,,,Valori percentuali,,,
Domanda,,N. risposte,Decisamente No,Più No che Sì,,Più Sì che No,,Decisamente Sì,Decisamente No,Più No che Sì,Più Sì che No,Decisamente Sì
Le conoscenze preliminari possedute sono risultate sufficienti per la comprensione degli argomenti previsti nel programma d'esame?,,6,0,0,,4,,2,0.00%,0.00%,66.67%,33.33%
Il carico di studio dell'insegnamento è proporzionato ai crediti assegnati?,,6,0,0,,2,,4,0.00%,0.00%,33.33%,66.67%
Il materiale didattico (indicato e disponibile) è adeguato per lo studio della materia?,,6,0,1,,2,,3,0.00%,16.67%,33.33%,50.00%
Le modalità di esame sono state definite in modo chiaro?,,6,1,0,,1,,4,16.67%,0.00%,16.67%,66.67%
"Gli orari di svolgimento di lezioni, esercitazioni e altre eventuali attività didattiche sono rispettati?",,6,1,0,,3,,2,16.67%,0.00%,50.00%,33.33%
Il docente stimola/motiva l'interesse verso la disciplina?,,6,0,0,,5,,1,0.00%,0.00%,83.33%,16.67%
Il docente espone gli argomenti in modo chiaro?,,6,0,0,,3,,3,0.00%,0.00%,50.00%,50.00%
"Le attività didattiche integrative (esercitazini, tutorati,laboratori, etc...) sono utili all'apprendimento della materia?",,5,0,0,,1,,4,0.00%,0.00%,20.00%,80.00%
L'insegnamento è stato svolto in maniera coerente con quanto dichiarato sul sito Web del corso di studio?,,6,0,1,,2,,3,0.00%,16.67%,33.33%,50.00%
Il docente è reperibile per chiarimenti e spiegazioni?,,6,0,0,,2,,4,0.00%,0.00%,33.33%,66.67%
E' interessato/a agli argomenti trattati nell'insegnamento?,,6,0,0,,1,,5,0.00%,0.00%,16.67%,83.33%
Dipartimento:,Dipartimento di Ingegneria e Architettura - H3,,,,,,,,,,,
Corso:,"L2 - INGEGNERIA INFORMATICA, ELETTRONICA E DELLE TELECOMUNICAZIONI - (3050)",,,,,,,,,,,
AD:,304922 - Nome insegnamento,,,,,,,,,,,
UD:,465276 - Nome modulo,,,,,,,,,,,
Docente:,571393 - Nome docente,,,,,,,,,,,
,,,,,,,,,,,,
,,,Valori assoluti,,,,,,Valori percentuali,,,
Domanda,,N. risposte,Decisamente No,Più No che Sì,,Più Sì che No,,Decisamente Sì,Decisamente No,Più No che Sì,Più Sì che No,Decisamente Sì
Le conoscenze preliminari possedute sono risultate sufficienti per la comprensione degli argomenti previsti nel programma d'esame?,,96,8,16,,46,,26,8.33%,16.67%,47.92%,27.08%
Il carico di studio dell'insegnamento è proporzionato ai crediti assegnati?,,96,3,15,,47,,31,3.13%,15.63%,48.96%,32.29%
Il materiale didattico (indicato e disponibile) è adeguato per lo studio della materia?,,96,10,19,,42,,25,10.42%,19.79%,43.75%,26.04%
Le modalità di esame sono state definite in modo chiaro?,,96,3,11,,42,,40,3.13%,11.46%,43.75%,41.67%
"Gli orari di svolgimento di lezioni, esercitazioni e altre eventuali attività didattiche sono rispettati?",,96,1,2,,35,,58,1.04%,2.08%,36.46%,60.42%
Il docente stimola/motiva l'interesse verso la disciplina?,,96,19,27,,33,,17,19.79%,28.13%,34.38%,17.71%
Il docente espone gli argomenti in modo chiaro?,,96,12,27,,41,,16,12.50%,28.13%,42.71%,16.67%
"Le attività didattiche integrative (esercitazioni, tutorati,laboratori, etc…), ove esistenti, sono utili all'apprendimento della materia?",,96,5,25,,34,,32,5.21%,26.04%,35.42%,33.33%
L'insegnamento è stato svolto in maniera coerente con quanto dichiarato sul sito Web del corso di studio?,,96,2,2,,57,,35,2.08%,2.08%,59.38%,36.46%
Il docente è reperibile per chiarimenti e spiegazioni?,,96,4,10,,49,,33,4.17%,10.42%,51.04%,34.38%
E' interessato/a agli argomenti trattati nell'insegnamento?,,96,1,6,,38,,51,1.04%,6.25%,39.58%,53.13%
Dipartimento:,Dipartimento di Ingegneria e Architettura - H3,,,,,,,,,,,
Corso:,"L2 - INGEGNERIA INFORMATICA, ELETTRONICA E DELLE TELECOMUNICAZIONI - (3050)",,,,,,,,,,,
AD:,338341 - Nome insegnamento,,,,,,,,,,,
UD:,782229 - Nome modulo,,,,,,,,,,,
Docente:,851920 - Nome docente,,,,,,,,,,,
,,,,,,,,,,,,
,,,Valori assoluti,,,,,,Valori percentuali,,,
Domanda,,N. risposte,Decisamente No,Più No che Sì,,Più Sì che No,,Decisamente Sì,Decisamente No,Più No che Sì,Più Sì che No,Decisamente Sì
Le conoscenze preliminari possedute sono risultate sufficienti per la comprensione degli argomenti previsti nel programma d'esame?,,17,0,0,,7,,10,0.00%,0.00%,41.18%,58.82%
Il carico di studio dell'insegnamento è proporzionato ai crediti assegnati?,,17,0,0,,6,,11,0.00%,0.00%,35.29%,64.71%
Il materiale didattico (indicato e disponibile) è adeguato per lo studio della materia?,,17,0,0,,10,,7,0.00%,0.00%,58.82%,41.18%
Le modalità di esame sono state definite in modo chiaro?,,17,0,1,,4,,12,0.00%,5.88%,23.53%,70.59%
"Gli orari di svolgimento di lezioni, esercitazioni e altre eventuali attività didattiche sono rispettati?",,17,0,1,,6,,10,0.00%,5.88%,35.29%,58.82%
Il docente stimola/motiva l'interesse verso la disciplina?,,17,0,1,,6,,10,0.00%,5.88%,35.29%,58.82%
Il docente espone gli argomenti in modo chiaro?,,17,0,1,,4,,12,0.00%,5.88%,23.53%,70.59%
"Le attività didattiche integrative (esercitazini, tutorati,laboratori, etc...) sono utili all'apprendimento della materia?",,17,0,3,,8,,6,0.00%,17.65%,47.06%,35.29%
L'insegnamento è stato svolto in maniera coerente con quanto dichiarato sul sito Web del corso di studio?,,17,0,0,,6,,11,0.00%,0.00%,35.29%,64.71%
Il docente è reperibile per chiarimenti e spiegazioni?,,17,0,0,,5,,12,0.00%,0.00%,29.41%,70.59%
E' interessato/a agli argomenti trattati nell'insegnamento?,,17,0,1,,7,,9,0.00%,5.88%,41.18%,52.94%
,,,,,,,,,,,,
Utente: giulio.colavolpe@unipr.it,,,,,Pagina 1 di 1,,,,,,,
